{
    "_vcs_unit__281529625": [
        "_vcs_unit__281529625",
        "UQNAv",
        "module"
    ],
    "std": [
        "std",
        "reYIK",
        "module"
    ],
    "tb": [
        "tb",
        "g7hgQ",
        "module"
    ],
    "test": [
        "test",
        "x9Hvb",
        "module"
    ],
    "ahb3lite_pkg": [
        "ahb3lite_pkg",
        "NECV5",
        "module"
    ],
    "ahb3lite_sram1rw_0000": [
        "ahb3lite_sram1rw_0000",
        "KGFBM",
        "module"
    ],
    "mem_intf": [
        "mem_intf",
        "DKk83",
        "module"
    ],
    "rl_queue": [
        "rl_queue",
        "xPMi9",
        "module"
    ],
    "rl_ram_1rw": [
        "rl_ram_1rw",
        "LWthU",
        "module"
    ],
    "...MASTER...": [
        "SIM",
        "amcQw",
        "module"
    ]
}