{
    "MlibObjs": {},
    "PrevCompiledModules": {
        "_vcs_unit__281529625": {
            "UQNAv_d": {
                "mode": 4,
                "bytes": 218055,
                "archive": "archive.737/_53579_archive_1.a",
                "mod": "_vcs_unit__281529625",
                "out": "UQNAv_d.o",
                "checksum": 0
            }
        },
        "rl_ram_1rw": {
            "LWthU_d": {
                "mode": 4,
                "bytes": 14985,
                "archive": "archive.737/_53579_archive_1.a",
                "mod": "rl_ram_1rw",
                "out": "LWthU_d.o",
                "checksum": 0
            }
        },
        "rl_queue": {
            "xPMi9_d": {
                "mode": 4,
                "bytes": 17956,
                "archive": "archive.737/_53579_archive_1.a",
                "mod": "rl_queue",
                "out": "xPMi9_d.o",
                "checksum": 0
            }
        },
        "ahb3lite_pkg": {
            "NECV5_d": {
                "mode": 4,
                "bytes": 6120,
                "archive": "archive.737/_53579_archive_1.a",
                "mod": "ahb3lite_pkg",
                "out": "NECV5_d.o",
                "checksum": 0
            }
        },
        "std": {
            "reYIK_d": {
                "mode": 4,
                "bytes": 33445,
                "archive": "archive.737/_53579_archive_1.a",
                "mod": "std",
                "out": "reYIK_d.o",
                "checksum": 0
            }
        },
        "ahb3lite_sram1rw_0000": {
            "KGFBM_d": {
                "mode": 4,
                "bytes": 35887,
                "archive": "archive.737/_53579_archive_1.a",
                "mod": "ahb3lite_sram1rw_0000",
                "out": "KGFBM_d.o",
                "checksum": 0
            }
        },
        "tb": {
            "g7hgQ_d": {
                "mode": 4,
                "bytes": 13231,
                "archive": "archive.737/_53579_archive_1.a",
                "mod": "tb",
                "out": "g7hgQ_d.o",
                "checksum": 0
            }
        },
        "mem_intf": {
            "DKk83_d": {
                "mode": 4,
                "bytes": 70824,
                "archive": "archive.737/_53579_archive_1.a",
                "mod": "mem_intf",
                "out": "DKk83_d.o",
                "checksum": 0
            }
        },
        "...MASTER...": {
            "amcQw_d": {
                "mode": 4,
                "bytes": 10018,
                "mod": "...MASTER...",
                "out": "objs/amcQw_d.o",
                "checksum": 0
            }
        },
        "test": {
            "x9Hvb_d": {
                "mode": 4,
                "bytes": 21226,
                "archive": "archive.737/_53579_archive_1.a",
                "mod": "test",
                "out": "x9Hvb_d.o",
                "checksum": 0
            }
        }
    },
    "CompileProcesses": [
        "cgproc.53579.json"
    ],
    "NameTable": {
        "rl_queue": [
            "rl_queue",
            "xPMi9",
            "module"
        ],
        "rl_ram_1rw": [
            "rl_ram_1rw",
            "LWthU",
            "module"
        ],
        "_vcs_unit__281529625": [
            "_vcs_unit__281529625",
            "UQNAv",
            "module"
        ],
        "std": [
            "std",
            "reYIK",
            "module"
        ],
        "ahb3lite_sram1rw_0000": [
            "ahb3lite_sram1rw_0000",
            "KGFBM",
            "module"
        ],
        "ahb3lite_pkg": [
            "ahb3lite_pkg",
            "NECV5",
            "module"
        ],
        "mem_intf": [
            "mem_intf",
            "DKk83",
            "module"
        ],
        "tb": [
            "tb",
            "g7hgQ",
            "module"
        ],
        "test": [
            "test",
            "x9Hvb",
            "module"
        ],
        "...MASTER...": [
            "SIM",
            "amcQw",
            "module"
        ]
    },
    "CompileStrategy": "fullobj",
    "stat": {
        "ru_self_cgstart": {
            "ru_utime_sec": 0.15557099999999999,
            "ru_stime_sec": 0.032751000000000002,
            "ru_maxrss_kb": 93980,
            "ru_majflt": 0,
            "ru_minflt": 8322,
            "ru_nvcsw": 19,
            "ru_nivcsw": 44
        },
        "ru_self_end": {
            "ru_utime_sec": 0.29952499999999999,
            "ru_stime_sec": 0.048571000000000003,
            "ru_maxrss_kb": 103396,
            "ru_majflt": 0,
            "ru_minflt": 11717,
            "ru_nvcsw": 20,
            "ru_nivcsw": 49
        },
        "ru_childs_cgstart": {
            "ru_utime_sec": 0.0,
            "ru_stime_sec": 0.0046649999999999999,
            "ru_maxrss_kb": 24104,
            "ru_majflt": 0,
            "ru_minflt": 227,
            "ru_nvcsw": 0,
            "ru_nivcsw": 2
        },
        "nMops": 27965,
        "nQuads": 10660,
        "totalObjSize": 561967,
        "ru_childs_end": {
            "ru_utime_sec": 0.0043249999999999999,
            "ru_stime_sec": 0.0046649999999999999,
            "ru_maxrss_kb": 24104,
            "ru_majflt": 0,
            "ru_minflt": 460,
            "ru_nvcsw": 1,
            "ru_nivcsw": 4
        },
        "mopSpeed": 194263.44526723816,
        "mop/quad": 2.6233583489681052,
        "quadSpeed": 74051.433096683657,
        "outputSizePerQuad": 52.0,
        "Frontend(%)": 51.939237125448621,
        "CodeGen(%)": 48.060762874551379
    },
    "SIMBData": {
        "out": "amcQwB.o",
        "bytes": 123190
    },
    "CurCompileUdps": {},
    "CurCompileModules": [
        "...MASTER...",
        "...MASTER...",
        "_vcs_unit__281529625",
        "_vcs_unit__281529625",
        "std",
        "std",
        "ahb3lite_pkg",
        "ahb3lite_pkg",
        "ahb3lite_sram1rw_0000",
        "ahb3lite_sram1rw_0000",
        "rl_queue",
        "rl_queue",
        "rl_ram_1rw",
        "rl_ram_1rw",
        "mem_intf",
        "mem_intf",
        "tb",
        "tb",
        "test",
        "test"
    ],
    "LVLData": [
        "SIM"
    ],
    "PEModules": [],
    "Misc": {
        "csrc": "csrc",
        "cwd": "/home/user1/Music/lms/ahb3lite-memory",
        "csrc_abs": "/home/user1/Music/lms/ahb3lite-memory/csrc",
        "daidir": "simv.daidir",
        "daidir_abs": "/home/user1/Music/lms/ahb3lite-memory/simv.daidir",
        "default_output_dir": "csrc",
        "archive_dir": "archive.737"
    },
    "CompileStatus": "Successful"
}