{
    "MlibObjs": {},
    "CurCompileModules": [
        "...MASTER...",
        "...MASTER...",
        "_vcs_unit__281529625",
        "_vcs_unit__281529625",
        "std",
        "std",
        "ahb3lite_pkg",
        "ahb3lite_pkg",
        "ahb3lite_sram1rw_0000",
        "ahb3lite_sram1rw_0000",
        "rl_queue",
        "rl_queue",
        "rl_ram_1rw",
        "rl_ram_1rw",
        "mem_intf",
        "mem_intf",
        "tb",
        "tb",
        "test",
        "test"
    ],
    "PrevCompiledModules": {
        "rl_ram_1rw": {
            "LWthU_d": {
                "checksum": 0,
                "mode": 4,
                "bytes": 14985,
                "mod": "rl_ram_1rw",
                "out": "LWthU_d.o",
                "archive": "archive.738/_54621_archive_1.a"
            }
        },
        "tb": {
            "g7hgQ_d": {
                "checksum": 0,
                "mode": 4,
                "bytes": 13231,
                "mod": "tb",
                "out": "g7hgQ_d.o",
                "archive": "archive.738/_54621_archive_1.a"
            }
        },
        "test": {
            "x9Hvb_d": {
                "checksum": 0,
                "mode": 4,
                "bytes": 21226,
                "mod": "test",
                "out": "x9Hvb_d.o",
                "archive": "archive.738/_54621_archive_1.a"
            }
        },
        "ahb3lite_pkg": {
            "NECV5_d": {
                "checksum": 0,
                "mode": 4,
                "bytes": 6120,
                "mod": "ahb3lite_pkg",
                "out": "NECV5_d.o",
                "archive": "archive.738/_54621_archive_1.a"
            }
        },
        "std": {
            "reYIK_d": {
                "checksum": 0,
                "mode": 4,
                "bytes": 33445,
                "mod": "std",
                "out": "reYIK_d.o",
                "archive": "archive.738/_54621_archive_1.a"
            }
        },
        "mem_intf": {
            "DKk83_d": {
                "checksum": 0,
                "mode": 4,
                "bytes": 70824,
                "mod": "mem_intf",
                "out": "DKk83_d.o",
                "archive": "archive.738/_54621_archive_1.a"
            }
        },
        "rl_queue": {
            "xPMi9_d": {
                "checksum": 0,
                "mode": 4,
                "bytes": 17956,
                "mod": "rl_queue",
                "out": "xPMi9_d.o",
                "archive": "archive.738/_54621_archive_1.a"
            }
        },
        "_vcs_unit__281529625": {
            "UQNAv_d": {
                "checksum": 0,
                "mode": 4,
                "bytes": 215085,
                "mod": "_vcs_unit__281529625",
                "out": "UQNAv_d.o",
                "archive": "archive.738/_54621_archive_1.a"
            }
        },
        "ahb3lite_sram1rw_0000": {
            "KGFBM_d": {
                "checksum": 0,
                "mode": 4,
                "bytes": 35887,
                "mod": "ahb3lite_sram1rw_0000",
                "out": "KGFBM_d.o",
                "archive": "archive.738/_54621_archive_1.a"
            }
        },
        "...MASTER...": {
            "amcQw_d": {
                "checksum": 0,
                "mode": 4,
                "bytes": 10018,
                "mod": "...MASTER...",
                "out": "objs/amcQw_d.o"
            }
        }
    },
    "CompileStrategy": "fullobj",
    "NameTable": {
        "_vcs_unit__281529625": [
            "_vcs_unit__281529625",
            "UQNAv",
            "module"
        ],
        "std": [
            "std",
            "reYIK",
            "module"
        ],
        "tb": [
            "tb",
            "g7hgQ",
            "module"
        ],
        "test": [
            "test",
            "x9Hvb",
            "module"
        ],
        "ahb3lite_pkg": [
            "ahb3lite_pkg",
            "NECV5",
            "module"
        ],
        "ahb3lite_sram1rw_0000": [
            "ahb3lite_sram1rw_0000",
            "KGFBM",
            "module"
        ],
        "mem_intf": [
            "mem_intf",
            "DKk83",
            "module"
        ],
        "rl_queue": [
            "rl_queue",
            "xPMi9",
            "module"
        ],
        "rl_ram_1rw": [
            "rl_ram_1rw",
            "LWthU",
            "module"
        ],
        "...MASTER...": [
            "SIM",
            "amcQw",
            "module"
        ]
    },
    "stat": {
        "ru_self_cgstart": {
            "ru_majflt": 0,
            "ru_utime_sec": 0.13802900000000001,
            "ru_stime_sec": 0.01917,
            "ru_maxrss_kb": 94092,
            "ru_minflt": 8324,
            "ru_nivcsw": 22,
            "ru_nvcsw": 22
        },
        "totalObjSize": 561967,
        "ru_childs_cgstart": {
            "ru_majflt": 0,
            "ru_utime_sec": 0.003225,
            "ru_stime_sec": 0.0,
            "ru_maxrss_kb": 24104,
            "ru_minflt": 224,
            "ru_nivcsw": 2,
            "ru_nvcsw": 1
        },
        "nMops": 28241,
        "nQuads": 10744,
        "ru_self_end": {
            "ru_majflt": 0,
            "ru_utime_sec": 0.25571700000000003,
            "ru_stime_sec": 0.031472,
            "ru_maxrss_kb": 103652,
            "ru_minflt": 11722,
            "ru_nivcsw": 24,
            "ru_nvcsw": 23
        },
        "ru_childs_end": {
            "ru_majflt": 0,
            "ru_utime_sec": 0.003225,
            "ru_stime_sec": 0.0025660000000000001,
            "ru_maxrss_kb": 24104,
            "ru_minflt": 458,
            "ru_nivcsw": 2,
            "ru_nvcsw": 2
        },
        "mop/quad": 2.628536857781087,
        "mopSpeed": 239964.99218272039,
        "quadSpeed": 91292.230303854245,
        "Frontend(%)": 53.977248286191376,
        "outputSizePerQuad": 52.0,
        "CodeGen(%)": 46.022751713808631
    },
    "CompileProcesses": [
        "cgproc.54621.json"
    ],
    "CurCompileUdps": {},
    "SIMBData": {
        "out": "amcQwB.o",
        "bytes": 123190
    },
    "LVLData": [
        "SIM"
    ],
    "PEModules": [],
    "Misc": {
        "cwd": "/home/user1/Music/lms/ahb3lite-memory",
        "csrc": "csrc",
        "csrc_abs": "/home/user1/Music/lms/ahb3lite-memory/csrc",
        "daidir": "simv.daidir",
        "daidir_abs": "/home/user1/Music/lms/ahb3lite-memory/simv.daidir",
        "default_output_dir": "csrc",
        "archive_dir": "archive.738"
    },
    "CompileStatus": "Successful"
}