{
    "Modules": {
        "rl_ram_1rw": {
            "Compiled": "Yes",
            "Compiled Times": 737
        },
        "...MASTER...": {},
        "_vcs_unit__281529625": {
            "Compiled": "Yes",
            "Compiled Times": 362
        },
        "std": {
            "Compiled": "Yes",
            "Compiled Times": 737
        },
        "test": {
            "Compiled": "Yes",
            "Compiled Times": 362
        },
        "ahb3lite_pkg": {
            "Compiled": "Yes",
            "Compiled Times": 737
        },
        "ahb3lite_sram1rw_0000": {
            "Compiled": "Yes",
            "Compiled Times": 737
        },
        "mem_intf": {
            "Compiled": "Yes",
            "Compiled Times": 737
        },
        "rl_queue": {
            "Compiled": "Yes",
            "Compiled Times": 737
        },
        "tb": {
            "Compiled": "Yes",
            "Compiled Times": 737
        }
    },
    "ObjArchives": [
        {
            "archive": "archive.738/_54621_archive_1.a",
            "objects": [
                [
                    "UQNAv_d.o",
                    215085
                ],
                [
                    "reYIK_d.o",
                    33445
                ],
                [
                    "NECV5_d.o",
                    6120
                ],
                [
                    "KGFBM_d.o",
                    35887
                ],
                [
                    "xPMi9_d.o",
                    17956
                ],
                [
                    "LWthU_d.o",
                    14985
                ],
                [
                    "DKk83_d.o",
                    70824
                ],
                [
                    "g7hgQ_d.o",
                    13231
                ],
                [
                    "x9Hvb_d.o",
                    21226
                ]
            ],
            "size": 428759
        }
    ],
    "reusePaths": {},
    "CompUnits": {
        "amcQw_d": {
            "mod": "...MASTER...",
            "out": "objs/amcQw_d.o",
            "checksum": 0,
            "mode": 4,
            "bytes": 10018
        },
        "LWthU_d": {
            "mod": "rl_ram_1rw",
            "out": "LWthU_d.o",
            "checksum": 0,
            "mode": 4,
            "bytes": 14985,
            "archive": "archive.738/_54621_archive_1.a"
        },
        "NECV5_d": {
            "mod": "ahb3lite_pkg",
            "out": "NECV5_d.o",
            "checksum": 0,
            "mode": 4,
            "bytes": 6120,
            "archive": "archive.738/_54621_archive_1.a"
        },
        "x9Hvb_d": {
            "mod": "test",
            "out": "x9Hvb_d.o",
            "checksum": 0,
            "mode": 4,
            "bytes": 21226,
            "archive": "archive.738/_54621_archive_1.a"
        },
        "UQNAv_d": {
            "mod": "_vcs_unit__281529625",
            "out": "UQNAv_d.o",
            "checksum": 0,
            "mode": 4,
            "bytes": 215085,
            "archive": "archive.738/_54621_archive_1.a"
        },
        "reYIK_d": {
            "mod": "std",
            "out": "reYIK_d.o",
            "checksum": 0,
            "mode": 4,
            "bytes": 33445,
            "archive": "archive.738/_54621_archive_1.a"
        },
        "KGFBM_d": {
            "mod": "ahb3lite_sram1rw_0000",
            "out": "KGFBM_d.o",
            "checksum": 0,
            "mode": 4,
            "bytes": 35887,
            "archive": "archive.738/_54621_archive_1.a"
        },
        "xPMi9_d": {
            "mod": "rl_queue",
            "out": "xPMi9_d.o",
            "checksum": 0,
            "mode": 4,
            "bytes": 17956,
            "archive": "archive.738/_54621_archive_1.a"
        },
        "DKk83_d": {
            "mod": "mem_intf",
            "out": "DKk83_d.o",
            "checksum": 0,
            "mode": 4,
            "bytes": 70824,
            "archive": "archive.738/_54621_archive_1.a"
        },
        "g7hgQ_d": {
            "mod": "tb",
            "out": "g7hgQ_d.o",
            "checksum": 0,
            "mode": 4,
            "bytes": 13231,
            "archive": "archive.738/_54621_archive_1.a"
        }
    }
}